APPLICATION_ID, RESPONSIBILITY_ID, ACTION_ID, RULE_TYPE, LAST_UPDATE_DATE, LAST_UPDATED_BY, LAST_UPDATE_LOGIN, CREATION_DATE, CREATED_BY
101,21122,590,F,11.05.01,2,0,12.08.97,1
101,21122,592,F,11.05.01,2,0,12.08.97,1
101,21122,595,F,11.05.01,2,0,12.08.97,1
101,21122,606,F,11.05.01,2,0,12.08.97,1
101,21122,614,F,11.05.01,2,0,12.08.97,1
101,21122,615,F,11.05.01,2,0,12.08.97,1
101,21122,616,F,11.05.01,2,0,12.08.97,1
101,21122,618,F,11.05.01,2,0,12.08.97,1
101,21122,620,F,11.05.01,2,0,12.08.97,1
101,21122,1365,F,11.05.01,2,0,12.08.97,1
101,21122,1901,F,11.05.01,2,0,12.08.97,1
101,21122,2043,F,12.08.97,1,16492,12.08.97,1
101,21122,2790,F,11.05.01,2,0,12.08.97,1
101,21122,2804,F,11.05.01,2,0,12.08.97,1
101,21122,2805,F,11.05.01,2,0,12.08.97,1
101,21122,2849,F,11.05.01,2,0,12.08.97,1
101,21122,2850,F,11.05.01,2,0,12.08.97,1
101,21122,4395,F,11.05.01,2,0,02.03.99,1
101,21123,2043,F,13.08.97,1,16496,13.08.97,1
101,21123,67945,M,11.05.01,2,0,13.08.97,1
101,21123,67946,M,11.05.01,2,0,13.08.97,1
101,21532,67911,M,11.05.01,2,0,09.02.99,1
101,21533,570,F,11.05.01,2,0,09.02.99,1
101,21533,571,F,11.05.01,2,0,09.02.99,1
101,21533,597,F,11.05.01,2,0,09.02.99,1
101,21533,67900,M,11.05.01,2,0,09.02.99,1
101,21533,67915,M,11.05.01,2,0,09.02.99,1
101,21533,67916,M,11.05.01,2,0,09.02.99,1
101,21533,68373,M,11.05.01,2,0,09.02.99,1
101,21533,68433,M,11.05.01,2,0,09.02.99,1
101,21533,68434,M,11.05.01,2,0,09.02.99,1
101,21535,578,F,11.05.01,120,0,19.02.99,1
101,21535,588,F,11.05.01,120,0,19.02.99,1
101,21535,904,F,11.05.01,120,0,19.02.99,1
101,21535,69683,M,11.05.01,120,0,18.02.99,1
101,21535,69685,M,11.05.01,120,0,19.02.99,1
101,21535,69693,M,11.05.01,120,0,19.02.99,1
101,21535,69712,M,11.05.01,120,0,19.02.99,1
178,21257,3185,F,29.08.97,1,18393,29.08.97,1
201,20727,1629,F,11.05.01,2,0,17.07.96,1
201,20727,1632,F,11.05.01,2,0,17.07.96,1
201,20727,1634,F,11.05.01,2,0,17.07.96,1
201,20727,1636,F,11.05.01,2,0,17.07.96,1
201,20727,2254,F,11.05.01,2,0,17.07.96,1
201,20727,2256,F,11.05.01,2,0,17.07.96,1
201,20729,2254,F,11.05.01,2,0,17.07.96,1
222,20709,1087,F,11.05.01,120,0,03.04.96,1
222,20709,1088,F,11.05.01,120,0,03.04.96,1
222,20709,1089,F,11.05.01,120,0,03.04.96,1
222,20709,1090,F,11.05.01,120,0,03.04.96,1
222,20709,1091,F,11.05.01,120,0,03.04.96,1
222,20709,1094,F,11.05.01,120,0,03.04.96,1
222,20709,1097,F,11.05.01,120,0,03.04.96,1
222,20709,1150,F,11.05.01,120,0,03.04.96,1
222,20709,1151,F,11.05.01,120,0,03.04.96,1
222,20709,1526,F,11.05.01,120,0,03.04.96,1
250,20644,1101,F,11.05.01,2,0,10.07.96,1
275,21178,2187,F,26.08.97,1,18066,26.08.97,1
275,21178,2207,F,26.08.97,1,18066,26.08.97,1
275,21178,2208,F,26.08.97,1,18066,26.08.97,1
275,21178,2209,F,26.08.97,1,18066,26.08.97,1
275,21178,2210,F,26.08.97,1,18066,26.08.97,1
275,21178,2211,F,26.08.97,1,18066,26.08.97,1
275,21178,2212,F,26.08.97,1,18066,26.08.97,1
275,21178,2213,F,26.08.97,1,18066,26.08.97,1
275,21178,2325,F,26.08.97,1,18066,26.08.97,1
275,21178,2723,F,26.08.97,1,18066,26.08.97,1
275,21178,2724,F,26.08.97,1,18066,26.08.97,1
691,21863,10296,F,08.01.02,2,0,08.01.02,2
275,21178,2725,F,26.08.97,1,18066,26.08.97,1
275,21178,2727,F,26.08.97,1,18066,26.08.97,1
275,21178,2728,F,26.08.97,1,18066,26.08.97,1
275,21178,3353,F,26.08.97,1,18066,26.08.97,1
275,21178,3378,F,27.08.97,1,18156,27.08.97,1
275,21178,68277,M,26.08.97,1,18066,26.08.97,1
275,21178,68280,M,26.08.97,1,18066,26.08.97,1
275,21217,2187,F,26.08.97,1,18066,26.08.97,1
275,21217,2207,F,26.08.97,1,18066,26.08.97,1
275,21217,2208,F,26.08.97,1,18066,26.08.97,1
275,21217,2325,F,26.08.97,1,18066,26.08.97,1
275,21217,3353,F,26.08.97,1,18066,26.08.97,1
275,21217,3378,F,27.08.97,1,18156,27.08.97,1
275,21217,68277,M,26.08.97,1,18066,26.08.97,1
300,20756,2704,F,07.08.97,1,0,07.08.97,1
300,20756,67572,M,07.08.97,1,0,07.08.97,1
600,21630,1954,F,10.08.99,1,36217,10.08.99,1
600,21630,1956,F,10.08.99,1,36217,10.08.99,1
600,21631,1954,F,10.08.99,1,36217,10.08.99,1
600,21631,1956,F,10.08.99,1,36217,10.08.99,1
600,21632,590,F,13.10.99,1,40684,13.10.99,1
600,21632,592,F,13.10.99,1,40684,13.10.99,1
600,21632,595,F,13.10.99,1,40684,13.10.99,1
600,21632,606,F,13.10.99,1,40684,13.10.99,1
600,21632,614,F,13.10.99,1,40684,13.10.99,1
600,21632,615,F,13.10.99,1,40684,13.10.99,1
600,21632,616,F,13.10.99,1,40684,13.10.99,1
600,21632,618,F,13.10.99,1,40684,13.10.99,1
600,21632,620,F,13.10.99,1,40684,13.10.99,1
600,21632,2849,F,13.10.99,1,40684,13.10.99,1
600,21632,2850,F,13.10.99,1,40684,13.10.99,1
600,21632,4395,F,13.10.99,1,40684,13.10.99,1
703,20567,965,F,11.05.01,2,0,22.06.95,1
703,20567,966,F,11.05.01,2,0,22.06.95,1
703,20567,967,F,11.05.01,2,0,22.06.95,1
810,20675,1089,F,11.05.01,2,0,24.09.96,1
810,20675,1090,F,11.05.01,2,0,24.09.96,1
810,20675,1091,F,11.05.01,2,0,24.09.96,1
810,20675,1094,F,11.05.01,2,0,24.09.96,1
810,20675,1097,F,11.05.01,2,0,24.09.96,1
810,20675,1150,F,11.05.01,2,0,24.09.96,1
810,20675,1151,F,11.05.01,2,0,24.09.96,1
810,20675,1526,F,11.05.01,2,0,24.09.96,1
7000,20745,5292,F,11.05.01,121,0,23.09.99,1
7000,20745,5295,F,11.05.01,121,0,23.09.99,1
7000,20746,5292,F,11.05.01,121,0,23.09.99,1
7000,20746,5295,F,11.05.01,121,0,23.09.99,1
7000,20749,5292,F,11.05.01,121,0,23.09.99,1
7000,20749,5295,F,11.05.01,121,0,23.09.99,1
7000,20750,5292,F,11.05.01,121,0,23.09.99,1
7000,20750,5295,F,11.05.01,121,0,23.09.99,1
7000,20751,5292,F,11.05.01,121,0,23.09.99,1
7000,20751,5295,F,11.05.01,121,0,23.09.99,1
7000,20914,5292,F,11.05.01,121,0,18.08.99,1
7000,20914,5295,F,11.05.01,121,0,18.08.99,1
7000,20938,5292,F,11.05.01,121,0,18.08.99,1
7000,20938,5295,F,11.05.01,121,0,18.08.99,1
7004,21596,5292,F,11.05.01,2,0,28.04.99,1
7004,21596,5295,F,11.05.01,2,0,28.04.99,1
7004,21597,5292,F,11.05.01,2,0,28.04.99,1
7004,21597,5295,F,11.05.01,2,0,28.04.99,1
689,21759,74677,M,18.07.02,2,0,18.07.02,2
697,21710,6336,F,25.10.02,1,0,30.08.01,1
522,22406,72736,M,19.07.01,2,0,19.07.01,2
522,22405,72736,M,19.07.01,2,0,19.07.01,2
530,21706,10698,F,07.10.02,2,0,07.10.02,2
530,21706,12639,F,23.04.03,2,0,07.10.02,2
708,22713,74878,M,25.06.02,2,0,25.10.02,1
540,50159,14067,F,06.05.02,2,0,06.05.02,2
540,50160,14052,F,06.05.02,2,0,06.05.02,2
540,50160,14069,F,06.05.02,2,0,06.05.02,2
540,50160,14062,F,06.05.02,2,0,06.05.02,2
540,50160,14056,F,06.05.02,2,0,06.05.02,2
540,50160,14054,F,06.05.02,2,0,06.05.02,2
540,50160,14055,F,06.05.02,2,0,06.05.02,2
540,50160,75429,M,25.02.02,2,0,25.02.02,2
540,50160,75427,M,25.02.02,2,0,25.02.02,2
540,50160,75426,M,25.02.02,2,0,25.02.02,2
540,50161,14067,F,06.05.02,2,0,06.05.02,2
540,50163,14052,F,06.05.02,2,0,06.05.02,2
540,50163,14069,F,06.05.02,2,0,06.05.02,2
540,50163,14062,F,06.05.02,2,0,06.05.02,2
540,50163,14056,F,06.05.02,2,0,06.05.02,2
540,50163,14054,F,06.05.02,2,0,06.05.02,2
540,50163,14055,F,06.05.02,2,0,06.05.02,2
540,50163,75415,M,25.02.02,2,0,25.02.02,2
540,50163,75403,M,25.02.02,2,0,25.02.02,2
540,50164,75403,M,25.02.02,2,0,25.02.02,2
540,23741,75436,M,22.07.02,2,0,22.07.02,2
540,23741,75417,M,22.07.02,2,0,22.07.02,2
540,23741,75412,M,22.07.02,2,0,22.07.02,2
540,23741,75380,M,22.07.02,2,0,22.07.02,2
540,23741,75384,M,22.07.02,2,0,22.07.02,2
540,23741,75405,M,22.07.02,2,0,22.07.02,2
177,23075,13871,F,24.06.02,2,0,24.06.02,2
177,23075,14461,F,01.04.02,2,0,01.04.02,2
177,50168,12359,F,24.06.02,2,0,24.06.02,2
177,50168,14461,F,17.06.02,2,0,17.06.02,2
200,22918,73094,M,11.01.02,2,0,26.10.02,1
522,22406,75838,M,29.01.03,2,0,29.01.03,2
522,22405,75838,M,29.01.03,2,0,29.01.03,2
521,22447,12926,F,05.11.02,2,0,05.11.02,1
521,22447,12927,F,05.11.02,2,0,05.11.02,1
521,22434,10520,F,10.01.03,2,0,10.01.03,1
521,22434,12926,F,05.11.02,2,0,05.11.02,1
521,22434,12927,F,05.11.02,2,0,05.11.02,1
521,22434,74682,M,10.01.03,2,0,10.01.03,1
521,22434,75838,M,10.01.03,2,0,10.01.03,1
702,20642,1134,F,11.05.01,2,0,11.05.01,2
702,20642,1135,F,11.05.01,2,0,11.05.01,2
702,20562,4864,F,11.05.01,2,0,11.05.01,2
702,20562,4865,F,11.05.01,2,0,11.05.01,2
809,23566,11644,F,05.06.02,2,0,05.06.02,2
809,23566,11645,F,05.06.02,2,0,05.06.02,2
809,23566,72851,M,11.06.02,2,0,11.06.02,2
879,23228,76366,M,01.04.03,2,0,01.04.03,2
879,23228,76361,M,01.04.03,2,0,01.04.03,2
879,23259,76361,M,03.04.03,2,0,03.04.03,2
800,50124,11214,F,30.12.02,2,0,30.12.02,2
800,50124,11217,F,30.12.02,2,0,30.12.02,2
177,24040,12359,F,20.12.02,2,0,20.12.02,2
177,24040,14461,F,20.12.02,2,0,20.12.02,2
177,24040,17582,F,20.12.02,2,0,20.12.02,2
177,24039,13871,F,20.12.02,2,0,20.12.02,2
177,24039,14461,F,20.12.02,2,0,20.12.02,2
177,24039,17582,F,20.12.02,2,0,20.12.02,2
177,24038,12359,F,20.12.02,2,0,20.12.02,2
177,24038,14461,F,20.12.02,2,0,20.12.02,2
177,24038,17582,F,20.12.02,2,0,20.12.02,2
177,50168,17582,F,17.12.02,2,0,17.12.02,2
177,23075,17582,F,17.12.02,2,0,17.12.02,2
283,20565,44,F,11.05.01,2,0,15.05.00,1
283,20565,46,F,11.05.01,2,0,15.05.00,1
283,20565,64,F,11.05.01,2,0,15.05.00,1
283,20565,93,F,11.05.01,2,0,15.05.00,1
283,20565,106,F,11.05.01,2,0,15.05.00,1
283,20565,593,F,11.05.01,2,0,15.05.00,1
283,20565,596,F,11.05.01,2,0,15.05.00,1
283,20565,599,F,11.05.01,2,0,15.05.00,1
283,20565,603,F,11.05.01,2,0,15.05.00,1
283,20565,609,F,11.05.01,2,0,15.05.00,1
283,20565,888,F,11.05.01,2,0,15.05.00,1
283,20565,890,F,11.05.01,2,0,15.05.00,1
283,20565,892,F,11.05.01,2,0,15.05.00,1
283,20565,894,F,11.05.01,2,0,15.05.00,1
283,20565,895,F,11.05.01,2,0,15.05.00,1
283,20565,1074,F,11.05.01,2,0,15.05.00,1
283,20565,2115,F,15.05.00,1,0,15.05.00,1
283,20565,5265,F,11.05.01,2,0,15.05.00,1
283,20565,6072,F,11.05.01,2,0,15.05.00,1
283,20565,6073,F,11.05.01,2,0,15.05.00,1
283,20565,6077,F,11.05.01,2,0,15.05.00,1
283,20565,6078,F,11.05.01,2,0,15.05.00,1
283,20565,6079,F,11.05.01,2,0,15.05.00,1
283,20565,6083,F,11.05.01,2,0,15.05.00,1
283,20565,6794,F,11.05.01,2,0,15.05.00,1
283,20455,597,F,11.05.01,2,0,15.05.00,1
283,20455,599,F,11.05.01,2,0,15.05.00,1
533,21709,477,F,15.05.00,1,0,15.05.00,1
696,50093,71182,M,25.06.03,1,0,30.08.01,1
522,22477,72284,M,11.05.01,2,0,30.08.01,1
522,22406,72284,M,11.05.01,2,0,30.08.01,1
522,22405,72284,M,11.05.01,2,0,30.08.01,1
708,22713,9411,F,11.05.01,2,0,30.08.01,1
708,22713,9412,F,11.05.01,2,0,30.08.01,1
708,22713,9421,F,11.05.01,2,0,30.08.01,1
708,22713,72297,M,11.05.01,2,0,30.08.01,1
275,22594,12170,F,17.09.01,2,0,31.05.02,1
178,23114,1352,F,09.07.01,2,0,31.05.02,1
178,23114,73163,M,09.07.01,2,0,31.05.02,1
708,22713,11436,F,03.04.03,2,0,03.04.03,2
708,22713,75993,M,03.04.03,2,0,03.04.03,2
703,22031,965,F,11.05.01,2,0,11.05.01,2
703,22031,966,F,11.05.01,2,0,11.05.01,2
703,22031,967,F,11.05.01,2,0,11.05.01,2
800,24109,11214,F,11.04.03,2,0,11.04.03,2
800,24109,11217,F,11.04.03,2,0,11.04.03,2
201,20707,4398,F,11.05.01,2,0,11.05.01,2
250,22270,6961,F,11.05.01,2,0,11.05.01,2
696,50029,71183,M,25.06.03,1,0,11.10.00,1
283,20565,7278,F,11.05.01,2,0,11.10.00,1
556,22378,70572,M,11.05.01,2,0,11.10.00,1
556,22378,70584,M,11.05.01,2,0,11.10.00,1
556,22378,70587,M,11.05.01,2,0,11.10.00,1
8402,50049,2717,F,25.06.03,1,0,11.10.00,1
8402,50049,2718,F,25.06.03,1,0,11.10.00,1
8402,50049,2719,F,25.06.03,1,0,11.10.00,1
8402,50049,5249,F,25.06.03,1,0,11.10.00,1
8402,50049,5250,F,25.06.03,1,0,11.10.00,1
8402,50049,5963,F,25.06.03,1,0,11.10.00,1
8402,50049,5964,F,25.06.03,1,0,11.10.00,1
8402,50049,5965,F,25.06.03,1,0,11.10.00,1
7000,20747,5292,F,11.05.01,121,0,11.10.00,1
7000,20747,5295,F,11.05.01,121,0,11.10.00,1
7004,20905,4389,F,11.05.01,2,0,11.10.00,1
672,50061,7100,F,22.12.00,1,0,11.10.00,1
672,50061,7101,F,22.12.00,1,0,11.10.00,1
522,22405,71902,M,30.08.01,1,0,12.06.01,1
522,22406,71902,M,30.08.01,1,0,12.06.01,1
521,22445,71351,M,20.09.01,2,0,31.05.02,1
521,22445,71350,M,20.09.01,2,0,31.05.02,1
521,22445,71349,M,20.09.01,2,0,31.05.02,1
521,22445,71347,M,20.09.01,2,0,31.05.02,1
521,22445,71712,M,20.09.01,2,0,31.05.02,1
521,22445,72288,M,20.09.01,2,0,31.05.02,1
521,22445,72872,M,20.09.01,2,0,31.05.02,1
521,22445,72385,M,20.09.01,2,0,31.05.02,1
521,22445,72285,M,20.09.01,2,0,31.05.02,1
521,22434,11176,F,11.09.01,2,0,31.05.02,1
521,22434,11174,F,11.09.01,2,0,31.05.02,1
521,22434,11175,F,11.09.01,2,0,31.05.02,1
521,22434,11178,F,11.09.01,2,0,31.05.02,1
521,22434,71351,M,20.09.01,2,0,31.05.02,1
521,22434,71349,M,20.09.01,2,0,31.05.02,1
521,22434,72288,M,20.09.01,1,0,31.05.02,1
521,22434,72872,M,20.09.01,2,0,31.05.02,1
521,22434,72385,M,20.09.01,2,0,31.05.02,1
521,22434,72285,M,20.09.01,2,0,31.05.02,1
521,22434,72736,M,20.09.01,1,0,31.05.02,1
521,22446,11176,F,11.09.01,2,0,31.05.02,1
521,22446,11174,F,11.09.01,2,0,31.05.02,1
521,22446,11175,F,11.09.01,2,0,31.05.02,1
521,22446,11178,F,11.09.01,2,0,31.05.02,1
521,22446,71351,M,08.10.01,2,0,31.05.02,1
521,22446,71349,M,08.10.01,2,0,31.05.02,1
521,22446,72288,M,08.10.01,2,0,31.05.02,1
521,22446,72872,M,08.10.01,2,0,31.05.02,1
521,22446,72385,M,08.10.01,2,0,31.05.02,1
521,22446,72285,M,08.10.01,2,0,31.05.02,1
521,22447,11167,F,11.09.01,2,0,31.05.02,1
521,22447,11176,F,11.09.01,2,0,31.05.02,1
521,22447,11174,F,11.09.01,2,0,31.05.02,1
521,22447,11175,F,11.09.01,2,0,31.05.02,1
521,22447,11178,F,11.09.01,2,0,31.05.02,1
521,22447,71351,M,18.10.01,2,0,31.05.02,1
521,22447,71349,M,18.10.01,2,0,31.05.02,1
521,22447,72288,M,18.10.01,2,0,31.05.02,1
521,22447,72872,M,18.10.01,2,0,31.05.02,1
521,22447,72385,M,18.10.01,2,0,31.05.02,1
521,22447,72285,M,18.10.01,2,0,31.05.02,1
521,22447,72736,M,18.10.01,2,0,31.05.02,1
691,22412,74314,M,19.10.01,2,0,19.10.01,2
691,21865,72736,M,03.08.01,2,0,03.08.01,2
691,21865,74314,M,19.10.01,2,0,19.10.01,2
691,23074,9191,F,03.10.01,2,0,03.10.01,2
691,23074,10251,F,08.01.02,2,0,08.01.02,2
691,23074,10257,F,13.09.01,2,0,13.09.01,2
691,23074,10264,F,13.09.01,2,0,13.09.01,2
691,23074,10292,F,13.09.01,2,0,13.09.01,2
691,23074,10294,F,08.01.02,2,0,08.01.02,2
691,23074,10288,F,08.01.02,2,0,08.01.02,2
691,23074,10297,F,13.09.01,2,0,13.09.01,2
691,23074,10296,F,08.01.02,2,0,08.01.02,2
691,23074,10258,F,13.09.01,2,0,13.09.01,2
691,23074,10376,F,09.10.01,2,0,09.10.01,2
691,23074,10441,F,14.01.02,2,0,14.01.02,2
691,23074,10055,F,18.10.01,2,0,18.10.01,2
691,23074,10047,F,31.08.01,2,0,31.08.01,2
691,23074,10048,F,31.08.01,2,0,31.08.01,2
691,23074,10049,F,31.08.01,2,0,31.08.01,2
691,23074,10944,F,31.08.01,2,0,31.08.01,2
691,23074,10996,F,17.08.01,2,0,17.08.01,2
691,23074,10067,F,31.08.01,2,0,31.08.01,2
691,23074,71861,M,17.01.02,2,0,17.01.02,2
691,23074,72391,M,22.01.02,2,0,22.01.02,2
691,23074,72700,M,25.07.01,2,0,25.07.01,2
691,23074,72531,M,25.09.01,2,0,25.09.01,2
691,23074,72552,M,25.10.01,2,0,25.10.01,2
691,23073,7893,F,15.06.01,2,0,15.06.01,2
691,23073,7891,F,15.06.01,2,0,15.06.01,2
691,23073,7892,F,15.06.01,2,0,15.06.01,2
691,23073,9191,F,03.10.01,2,0,03.10.01,2
691,23073,8290,F,15.06.01,2,0,15.06.01,2
691,23073,10251,F,08.01.02,2,0,08.01.02,2
691,23073,10257,F,13.09.01,2,0,13.09.01,2
691,23073,10264,F,13.09.01,2,0,13.09.01,2
691,23073,10292,F,13.09.01,2,0,13.09.01,2
691,23073,10294,F,08.01.02,2,0,08.01.02,2
691,23073,10288,F,08.01.02,2,0,08.01.02,2
691,23073,10297,F,13.09.01,2,0,13.09.01,2
691,23073,10296,F,08.01.02,2,0,08.01.02,2
691,23073,10258,F,13.09.01,2,0,13.09.01,2
691,23073,10376,F,09.10.01,2,0,09.10.01,2
691,23073,10441,F,14.01.02,2,0,14.01.02,2
691,23073,10055,F,18.10.01,2,0,18.10.01,2
691,23073,10696,F,25.07.01,2,0,25.07.01,2
691,23073,10047,F,31.08.01,2,0,31.08.01,2
691,23073,10048,F,31.08.01,2,0,31.08.01,2
691,23073,10049,F,31.08.01,2,0,31.08.01,2
691,23073,10944,F,31.08.01,2,0,31.08.01,2
691,23073,10996,F,17.08.01,2,0,17.08.01,2
691,23073,10067,F,31.08.01,2,0,31.08.01,2
691,23073,10697,F,07.09.01,2,0,07.09.01,2
691,23073,72391,M,22.01.02,2,0,22.01.02,2
691,23073,72531,M,25.09.01,2,0,25.09.01,2
691,23073,72552,M,25.10.01,2,0,25.10.01,2
691,22483,9191,F,17.08.01,2,0,17.08.01,2
691,22483,10251,F,08.01.02,2,0,08.01.02,2
691,22483,10257,F,13.09.01,2,0,13.09.01,2
691,22483,10264,F,13.09.01,2,0,13.09.01,2
691,22483,10292,F,13.09.01,2,0,13.09.01,2
691,22483,10294,F,08.01.02,2,0,08.01.02,2
691,22483,10288,F,08.01.02,2,0,08.01.02,2
691,22483,10297,F,13.09.01,2,0,13.09.01,2
691,22483,10296,F,08.01.02,2,0,08.01.02,2
691,22483,10258,F,13.09.01,2,0,13.09.01,2
691,22483,10376,F,09.10.01,2,0,09.10.01,2
691,22483,10441,F,14.01.02,2,0,14.01.02,2
691,22483,10055,F,18.10.01,2,0,18.10.01,2
691,22483,10047,F,31.08.01,2,0,31.08.01,2
691,22483,10048,F,31.08.01,2,0,31.08.01,2
691,22483,10049,F,31.08.01,2,0,31.08.01,2
691,22483,10944,F,31.08.01,2,0,31.08.01,2
691,22483,10996,F,17.08.01,2,0,17.08.01,2
691,22483,10067,F,31.08.01,2,0,31.08.01,2
691,22483,71730,M,18.06.01,2,0,18.06.01,2
691,22483,71861,M,17.01.02,2,0,17.01.02,2
691,22483,72391,M,22.01.02,2,0,22.01.02,2
691,22483,72700,M,24.07.01,2,0,24.07.01,2
691,22483,72531,M,25.09.01,2,0,25.09.01,2
691,22483,72552,M,25.10.01,2,0,25.10.01,2
691,21863,7893,F,15.06.01,2,0,15.06.01,2
691,21863,7891,F,15.06.01,2,0,15.06.01,2
691,21863,7892,F,15.06.01,2,0,15.06.01,2
691,21863,9191,F,17.08.01,2,0,17.08.01,2
691,21863,8290,F,15.06.01,2,0,15.06.01,2
691,21863,10251,F,08.01.02,2,0,08.01.02,2
691,21863,10257,F,13.09.01,2,0,13.09.01,2
691,21863,10264,F,13.09.01,2,0,13.09.01,2
691,21863,10292,F,13.09.01,2,0,13.09.01,2
691,21863,10294,F,08.01.02,2,0,08.01.02,2
691,21863,10288,F,08.01.02,2,0,08.01.02,2
691,21863,10297,F,13.09.01,2,0,13.09.01,2
283,22438,8038,F,27.08.01,2,0,22.12.00,1
283,22438,8039,F,27.08.01,2,0,22.12.00,1
283,22438,8042,F,30.08.01,1,0,22.12.00,1
283,22438,71790,M,30.08.01,1,0,22.12.00,1
283,22439,8037,F,24.09.01,2,0,22.12.00,1
283,22439,8038,F,30.08.01,1,0,22.12.00,1
283,22439,8039,F,24.09.01,2,0,22.12.00,1
283,22439,8041,F,30.08.01,1,0,22.12.00,1
283,22439,8042,F,30.08.01,1,0,22.12.00,1
283,22439,71790,M,30.08.01,1,0,22.12.00,1
283,22440,8037,F,11.05.01,2,0,22.12.00,1
283,22440,8039,F,11.05.01,2,0,22.12.00,1
283,22440,8041,F,30.08.01,1,0,22.12.00,1
283,22440,8042,F,30.08.01,1,0,22.12.00,1
283,22440,71790,M,30.08.01,1,0,22.12.00,1
283,22598,71781,M,30.08.01,1,0,22.12.00,1
7000,20748,5292,F,11.05.01,121,0,22.12.00,1
7000,20748,5295,F,11.05.01,121,0,22.12.00,1
522,22405,71735,M,22.12.00,1,0,22.12.00,1
522,22406,71735,M,22.12.00,1,0,22.12.00,1
170,20638,477,F,11.05.01,2,0,11.05.01,2
549,23814,16801,F,28.08.02,2,0,28.08.02,2
549,23814,16770,F,12.09.02,2,0,12.09.02,2
549,23814,16789,F,11.09.02,2,0,11.09.02,2
549,23814,16797,F,11.09.02,2,0,11.09.02,2
549,23814,16811,F,09.01.03,2,0,09.01.03,2
549,23814,76229,M,12.09.02,2,0,12.09.02,2
549,23814,76234,M,11.09.02,2,0,11.09.02,2
549,23814,76235,M,11.09.02,2,0,11.09.02,2
549,23814,76236,M,11.09.02,2,0,11.09.02,2
549,23814,76239,M,09.01.03,2,0,09.01.03,2
549,23813,16801,F,28.08.02,2,0,28.08.02,2
549,23813,16770,F,12.09.02,2,0,12.09.02,2
549,23813,16789,F,11.09.02,2,0,11.09.02,2
549,23813,16811,F,09.01.03,2,0,09.01.03,2
549,23813,76229,M,11.09.02,2,0,11.09.02,2
549,23813,76234,M,11.09.02,2,0,11.09.02,2
549,23813,76236,M,11.09.02,2,0,11.09.02,2
549,23813,76239,M,09.01.03,2,0,09.01.03,2
549,23811,16811,F,09.01.03,2,0,09.01.03,2
549,23811,76239,M,09.01.03,2,0,09.01.03,2
549,23810,16789,F,11.09.02,2,0,11.09.02,2
549,23810,16797,F,11.09.02,2,0,11.09.02,2
549,23810,16811,F,09.01.03,2,0,09.01.03,2
549,23810,76234,M,11.09.02,2,0,11.09.02,2
549,23810,76235,M,11.09.02,2,0,11.09.02,2
549,23810,76239,M,09.01.03,2,0,09.01.03,2
549,23761,16797,F,06.11.02,2,0,06.11.02,2
724,23815,13904,F,28.08.02,120,0,28.08.02,2
724,23815,17318,F,29.01.03,120,0,29.01.03,2
724,23815,17320,F,28.08.02,120,0,28.08.02,2
724,23815,17322,F,28.08.02,120,0,28.08.02,2
724,23815,17323,F,28.08.02,120,0,28.08.02,2
724,23815,17324,F,28.08.02,120,0,28.08.02,2
724,23815,17325,F,29.01.03,120,0,29.01.03,2
724,23815,17326,F,06.09.02,120,0,06.09.02,2
724,23815,17328,F,06.09.02,120,0,06.09.02,2
724,23815,17327,F,06.09.02,120,0,06.09.02,2
8407,21839,2594,F,11.05.01,120,0,25.06.03,1
8407,21839,4849,F,11.05.01,120,0,25.06.03,1
8407,21839,4850,F,11.05.01,120,0,25.06.03,1
8407,21839,4857,F,11.05.01,120,0,25.06.03,1
8407,21839,7322,F,11.05.01,120,0,25.06.03,1
8407,21839,7323,F,11.05.01,120,0,25.06.03,1
8407,21839,76353,M,11.05.01,120,0,25.06.03,1
691,21863,10258,F,13.09.01,2,0,13.09.01,2
691,21863,10376,F,09.10.01,2,0,09.10.01,2
691,21863,10441,F,14.01.02,2,0,14.01.02,2
691,21863,10055,F,18.10.01,2,0,18.10.01,2
691,21863,10696,F,10.07.01,2,0,10.07.01,2
691,21863,10047,F,31.08.01,2,0,31.08.01,2
691,21863,10048,F,31.08.01,2,0,31.08.01,2
691,21863,10049,F,31.08.01,2,0,31.08.01,2
691,21863,10944,F,31.08.01,2,0,31.08.01,2
691,21863,10996,F,17.08.01,2,0,17.08.01,2
691,21863,10067,F,31.08.01,2,0,31.08.01,2
691,21863,10697,F,07.09.01,2,0,07.09.01,2
691,21863,71730,M,18.06.01,2,0,18.06.01,2
691,21863,72391,M,22.01.02,2,0,22.01.02,2
691,21863,72531,M,25.09.01,2,0,25.09.01,2
691,21863,72552,M,25.10.01,2,0,25.10.01,2
279,20421,71730,M,24.09.01,2,0,31.05.02,1
279,20421,71351,M,24.09.01,2,0,31.05.02,1
279,20421,71350,M,24.09.01,2,0,31.05.02,1
279,20421,71349,M,24.09.01,2,0,31.05.02,1
279,20421,71347,M,24.09.01,2,0,31.05.02,1
279,20421,71712,M,24.09.01,2,0,31.05.02,1
279,20421,72288,M,24.09.01,2,0,31.05.02,1
279,20421,72872,M,24.09.01,2,0,31.05.02,1
279,20421,72385,M,24.09.01,2,0,31.05.02,1
279,20421,72285,M,24.09.01,2,0,31.05.02,1
283,20455,596,F,11.05.01,2,0,11.05.01,2
283,22598,8350,F,17.09.01,2,0,17.09.01,2
283,23158,8035,F,16.09.01,2,0,16.09.01,2
283,23158,8043,F,24.09.01,2,0,24.09.01,2
283,23158,8048,F,24.09.01,2,0,24.09.01,2
283,23158,11279,F,16.09.01,2,0,16.09.01,2
283,23158,72982,M,16.09.01,2,0,16.09.01,2
283,23158,72986,M,16.09.01,2,0,16.09.01,2
283,22441,72987,M,17.09.01,2,0,17.09.01,2
283,22441,72989,M,24.09.01,2,0,24.09.01,2
283,22440,11295,F,27.08.01,2,0,27.08.01,2
283,22440,72736,M,27.08.01,2,0,27.08.01,2
283,22440,72979,M,27.08.01,2,0,27.08.01,2
283,22440,72982,M,27.08.01,2,0,27.08.01,2
283,22440,72987,M,27.08.01,2,0,27.08.01,2
283,22440,72985,M,31.08.01,2,0,31.08.01,2
283,22440,72989,M,24.09.01,2,0,24.09.01,2
283,22439,11295,F,27.08.01,2,0,27.08.01,2
283,22439,72736,M,27.08.01,2,0,27.08.01,2
283,22439,72979,M,27.08.01,2,0,27.08.01,2
283,22439,72982,M,27.08.01,2,0,27.08.01,2
283,22439,72987,M,17.10.01,2,0,17.10.01,2
283,22439,72985,M,31.08.01,2,0,31.08.01,2
283,22439,72989,M,24.09.01,2,0,24.09.01,2
283,22438,11295,F,27.08.01,2,0,27.08.01,2
283,22438,72736,M,27.08.01,2,0,27.08.01,2
283,22438,72979,M,27.08.01,2,0,27.08.01,2
283,22438,72982,M,27.08.01,2,0,27.08.01,2
283,22438,72987,M,27.08.01,2,0,27.08.01,2
283,22438,72985,M,31.08.01,2,0,31.08.01,2
283,22438,72989,M,24.09.01,2,0,24.09.01,2
8402,50049,2187,F,25.06.03,1,0,31.05.02,1
724,21634,71819,M,31.05.02,1,0,31.05.02,1
882,23698,7778,F,12.07.02,2,0,12.07.02,2
882,23698,72385,M,12.07.02,2,0,12.07.02,2
882,23698,74478,M,12.07.02,2,0,12.07.02,2
882,23698,74463,M,12.07.02,2,0,12.07.02,2
882,23698,74453,M,12.07.02,2,0,12.07.02,2
101,23267,67945,M,25.05.07,120,0,28.12.01,2
101,23267,67946,M,25.05.07,120,0,28.12.01,2
101,23284,590,F,25.05.07,120,0,02.01.02,2
101,23284,592,F,25.05.07,120,0,02.01.02,2
101,23284,595,F,25.05.07,120,0,02.01.02,2
101,23284,606,F,25.05.07,120,0,02.01.02,2
101,23284,614,F,25.05.07,120,0,02.01.02,2
101,23284,616,F,25.05.07,120,0,02.01.02,2
101,23284,618,F,25.05.07,120,0,02.01.02,2
101,23284,620,F,25.05.07,120,0,02.01.02,2
101,23284,1365,F,02.01.02,2,0,02.01.02,2
101,23284,1901,F,02.01.02,2,0,02.01.02,2
101,23284,2790,F,07.01.02,2,0,07.01.02,2
101,23284,2804,F,25.05.07,120,0,07.01.02,2
101,23284,2805,F,25.05.07,120,0,07.01.02,2
101,23284,2849,F,25.05.07,120,0,07.01.02,2
101,23284,2850,F,07.01.02,2,0,07.01.02,2
101,23284,4395,F,25.05.07,120,0,07.01.02,2
101,23234,570,F,20.12.01,2,0,20.12.01,2
101,23234,571,F,20.12.01,2,0,20.12.01,2
101,23234,597,F,20.12.01,2,0,20.12.01,2
101,23234,67900,M,20.12.01,2,0,20.12.01,2
101,23234,67915,M,20.12.01,2,0,20.12.01,2
101,23234,67916,M,20.12.01,2,0,20.12.01,2
101,23234,68373,M,20.12.01,2,0,20.12.01,2
101,23234,68433,M,20.12.01,2,0,20.12.01,2
101,23234,68434,M,20.12.01,2,0,20.12.01,2
101,23233,67911,M,20.12.01,2,0,20.12.01,2
690,22917,75274,M,03.01.07,1,0,26.10.02,1
690,23100,13694,F,20.02.06,120,0,26.10.02,1
690,23100,13695,F,20.02.06,120,0,26.10.02,1
690,23072,13694,F,20.02.06,120,0,26.10.02,1
690,23072,13695,F,20.02.06,120,0,26.10.02,1
690,50154,8263,F,03.01.07,1,0,26.10.02,1
690,50154,13515,F,03.01.07,1,0,26.10.02,1
690,50154,13828,F,03.01.07,1,0,26.10.02,1
690,50155,8263,F,03.01.07,1,0,26.10.02,1
690,50155,13513,F,03.01.07,1,0,26.10.02,1
690,50155,13515,F,03.01.07,1,0,26.10.02,1
690,50155,75276,M,03.01.07,1,0,26.10.02,1
690,22709,8263,F,03.01.07,1,0,26.10.02,1
690,22709,13828,F,03.01.07,1,0,26.10.02,1
690,23304,10783,F,03.01.07,1,0,26.10.02,1
690,23304,72735,M,03.01.07,1,0,26.10.02,1
690,23303,10783,F,03.01.07,1,0,26.10.02,1
690,23303,72734,M,03.01.07,1,0,26.10.02,1
690,23303,72735,M,03.01.07,1,0,26.10.02,1
724,23499,75295,M,14.05.02,120,0,14.05.02,2
201,23264,4398,F,25.05.07,120,0,26.10.02,1
201,23285,1629,F,25.05.07,120,0,26.10.02,1
201,23285,1632,F,25.05.07,120,0,26.10.02,1
201,23285,1634,F,25.05.07,120,0,26.10.02,1
201,23285,1636,F,25.05.07,120,0,26.10.02,1
201,23285,2256,F,25.05.07,120,0,26.10.02,1
691,22412,7901,F,06.08.02,2,0,06.08.02,2
691,22412,10953,F,27.08.02,2,0,27.08.02,2
691,22412,12386,F,23.07.02,2,0,23.07.02,2
691,22412,10726,F,16.07.02,2,0,16.07.02,2
691,22412,71350,M,16.07.02,2,0,16.07.02,2
691,22412,72288,M,16.07.02,2,0,16.07.02,2
691,22412,74318,M,16.07.02,2,0,16.07.02,2
691,22412,74317,M,16.07.02,2,0,16.07.02,2
691,21865,7901,F,06.08.02,2,0,06.08.02,2
691,21865,10953,F,27.08.02,2,0,27.08.02,2
691,21865,12386,F,23.07.02,2,0,23.07.02,2
691,21865,10726,F,16.07.02,2,0,16.07.02,2
691,21865,71350,M,16.07.02,2,0,16.07.02,2
691,21865,72288,M,16.07.02,2,0,16.07.02,2
691,21865,74318,M,16.07.02,2,0,16.07.02,2
691,21865,74317,M,16.07.02,2,0,16.07.02,2
691,23074,7901,F,06.08.02,2,0,06.08.02,2
691,23074,10953,F,27.08.02,2,0,27.08.02,2
691,23074,10074,F,06.09.02,2,0,06.09.02,2
691,23074,10053,F,09.08.02,2,0,09.08.02,2
691,23074,12386,F,23.07.02,2,0,23.07.02,2
691,23074,10598,F,30.06.02,2,0,30.06.02,2
691,23074,14569,F,17.07.02,2,0,17.07.02,2
691,23074,71350,M,16.07.02,2,0,16.07.02,2
691,23074,72288,M,16.07.02,2,0,16.07.02,2
691,23074,74318,M,16.07.02,2,0,16.07.02,2
691,23074,74323,M,16.07.02,2,0,16.07.02,2
691,23073,7901,F,06.08.02,2,0,06.08.02,2
691,23073,10953,F,27.08.02,2,0,27.08.02,2
691,23073,10074,F,06.09.02,2,0,06.09.02,2
691,23073,10053,F,09.08.02,2,0,09.08.02,2
691,23073,12386,F,23.07.02,2,0,23.07.02,2
691,23073,10598,F,30.06.02,2,0,30.06.02,2
691,23073,12861,F,18.09.02,2,0,18.09.02,2
691,23073,12865,F,22.05.02,2,0,22.05.02,2
691,23073,71350,M,16.07.02,2,0,16.07.02,2
691,23073,72288,M,16.07.02,2,0,16.07.02,2
691,23073,74318,M,16.07.02,2,0,16.07.02,2
691,23073,74323,M,16.07.02,2,0,16.07.02,2
691,23073,74699,M,22.05.02,2,0,22.05.02,2
691,23073,74703,M,22.05.02,2,0,22.05.02,2
691,23073,74691,M,22.05.02,2,0,22.05.02,2
691,23073,74706,M,22.05.02,2,0,22.05.02,2
691,23073,74693,M,22.05.02,2,0,22.05.02,2
691,22483,7901,F,06.08.02,2,0,06.08.02,2
691,22483,7806,F,10.06.02,2,0,10.06.02,2
691,22483,8208,F,26.08.02,2,0,26.08.02,2
691,22483,10953,F,27.08.02,2,0,27.08.02,2
691,22483,10074,F,06.09.02,2,0,06.09.02,2
691,22483,10053,F,09.08.02,2,0,09.08.02,2
691,22483,12386,F,23.07.02,2,0,23.07.02,2
691,22483,10598,F,30.06.02,2,0,30.06.02,2
691,22483,14569,F,17.07.02,2,0,17.07.02,2
691,22483,71350,M,16.07.02,2,0,16.07.02,2
691,22483,72288,M,16.07.02,2,0,16.07.02,2
691,22483,74323,M,16.07.02,2,0,16.07.02,2
691,21863,7901,F,06.08.02,2,0,06.08.02,2
691,21863,7806,F,10.06.02,2,0,10.06.02,2
691,21863,10953,F,27.08.02,2,0,27.08.02,2
691,21863,10074,F,06.09.02,2,0,06.09.02,2
691,21863,10053,F,09.08.02,2,0,09.08.02,2
691,21863,12386,F,23.07.02,2,0,23.07.02,2
691,21863,10598,F,30.06.02,2,0,30.06.02,2
691,21863,12861,F,18.09.02,2,0,18.09.02,2
691,21863,14569,F,17.07.02,2,0,17.07.02,2
691,21863,12865,F,22.05.02,2,0,22.05.02,2
691,21863,71350,M,16.07.02,2,0,16.07.02,2
691,21863,72288,M,16.07.02,2,0,16.07.02,2
691,21863,74323,M,16.07.02,2,0,16.07.02,2
691,21863,74699,M,22.05.02,2,0,22.05.02,2
691,21863,74703,M,22.05.02,2,0,22.05.02,2
691,21863,74691,M,22.05.02,2,0,22.05.02,2
691,21863,74706,M,22.05.02,2,0,22.05.02,2
691,21863,74693,M,22.05.02,2,0,22.05.02,2
691,23330,7899,F,25.03.02,2,0,25.03.02,2
691,23330,7900,F,25.03.02,2,0,25.03.02,2
691,23330,7901,F,25.03.02,2,0,25.03.02,2
691,23330,7846,F,25.03.02,2,0,25.03.02,2
691,23330,9190,F,25.03.02,2,0,25.03.02,2
691,23330,9191,F,25.03.02,2,0,25.03.02,2
691,23330,9265,F,14.02.02,2,0,14.02.02,2
691,23330,9259,F,14.02.02,2,0,14.02.02,2
691,23330,10938,F,14.02.02,2,0,14.02.02,2
691,23330,12386,F,25.03.02,2,0,25.03.02,2
691,23330,10939,F,14.02.02,2,0,14.02.02,2
691,23330,14569,F,28.05.02,2,0,28.05.02,2
691,23330,12769,F,26.03.02,2,0,26.03.02,2
691,23330,72391,M,25.03.02,2,0,25.03.02,2
879,23260,72735,M,23.04.02,2,0,23.04.02,2
879,23228,72735,M,23.04.02,2,0,23.04.02,2
879,23259,72735,M,23.04.02,2,0,23.04.02,2
809,22970,72851,M,11.02.02,2,0,11.02.02,2
809,23221,73094,M,05.12.01,2,0,05.12.01,2
809,23220,72854,M,05.12.01,2,0,05.12.01,2
809,23220,72851,M,05.12.01,2,0,05.12.01,2
809,23220,72853,M,05.12.01,2,0,05.12.01,2
200,23892,14793,F,24.09.02,120,0,24.09.02,2
200,23700,14781,F,15.07.02,120,0,15.07.02,2
222,23917,75800,M,16.10.02,2,0,16.10.02,2
222,24053,75684,M,21.01.03,2,0,21.01.03,2
283,24018,71784,M,27.11.02,2,0,27.11.02,2
283,22441,19245,F,08.09.03,2,0,08.09.03,2
283,22440,11300,F,08.09.03,2,0,08.09.03,2
708,22687,77043,M,05.11.03,2,0,05.11.03,2
708,22713,76987,M,14.10.03,2,0,14.10.03,2
708,22713,77030,M,09.11.03,2,0,09.11.03,2
708,22713,77043,M,05.11.03,2,0,05.11.03,2
708,24188,9411,F,06.08.03,2,0,06.08.03,2
708,24188,9412,F,23.02.05,120,0,06.08.03,2
708,24188,72297,M,06.08.03,2,0,06.08.03,2
708,24188,74878,M,06.08.03,2,0,06.08.03,2
708,24188,75993,M,23.02.05,120,0,06.08.03,2
708,24188,76987,M,14.10.03,2,0,14.10.03,2
708,24189,19901,F,06.08.03,2,0,06.08.03,2
708,24189,19795,F,06.08.03,2,0,06.08.03,2
708,24189,20148,F,06.08.03,2,0,06.08.03,2
708,24189,20228,F,06.08.03,2,0,06.08.03,2
708,24189,20230,F,06.08.03,2,0,06.08.03,2
708,24189,76987,M,14.10.03,2,0,14.10.03,2
708,24189,77030,M,09.11.03,2,0,09.11.03,2
708,24189,77043,M,05.11.03,2,0,05.11.03,2
708,24190,19901,F,06.08.03,2,0,06.08.03,2
708,24190,19795,F,06.08.03,2,0,06.08.03,2
708,24190,20148,F,06.08.03,2,0,06.08.03,2
708,24190,20147,F,06.08.03,2,0,06.08.03,2
708,24190,19981,F,03.03.04,2,0,03.03.04,2
708,24190,76994,M,01.10.03,2,0,01.10.03,2
178,21584,9447,F,11.05.01,2,0,11.05.01,2
800,23352,8249,F,10.02.03,2,0,10.02.03,2
800,23351,8249,F,10.02.03,2,0,10.02.03,2
800,23347,2594,F,24.02.03,2,0,24.02.03,2
800,23347,8246,F,24.02.03,2,0,24.02.03,2
800,23347,8247,F,24.02.03,2,0,24.02.03,2
800,23347,8249,F,24.02.03,2,0,24.02.03,2
800,23347,14792,F,24.02.03,2,0,24.02.03,2
800,23348,2594,F,24.02.03,2,0,24.02.03,2
800,23348,8246,F,24.02.03,2,0,24.02.03,2
800,23348,8247,F,24.02.03,2,0,24.02.03,2
800,23348,8249,F,24.02.03,2,0,24.02.03,2
800,23348,14792,F,24.02.03,2,0,24.02.03,2
800,23349,8249,F,24.02.03,2,0,24.02.03,2
800,23350,2594,F,24.02.03,2,0,24.02.03,2
800,23350,8246,F,24.02.03,2,0,24.02.03,2
800,23350,8249,F,24.02.03,2,0,24.02.03,2
800,23350,14792,F,24.02.03,2,0,24.02.03,2
396,23435,17559,F,02.02.05,2,0,29.10.02,2
396,23435,76505,M,02.02.05,2,0,29.10.02,2
691,24029,7899,F,08.12.02,2,0,08.12.02,2
691,24029,7900,F,08.12.02,2,0,08.12.02,2
691,24029,7901,F,08.12.02,2,0,08.12.02,2
691,24029,9190,F,08.12.02,2,0,08.12.02,2
691,24029,9191,F,08.12.02,2,0,08.12.02,2
691,24029,10996,F,08.12.02,2,0,08.12.02,2
691,24029,12386,F,08.12.02,2,0,08.12.02,2
691,24029,14569,F,08.12.02,2,0,08.12.02,2
691,24029,72391,M,08.12.02,2,0,08.12.02,2
691,24028,7899,F,08.12.02,2,0,08.12.02,2
691,24028,7900,F,08.12.02,2,0,08.12.02,2
691,24028,7901,F,08.12.02,2,0,08.12.02,2
691,24028,9190,F,08.12.02,2,0,08.12.02,2
691,24028,9191,F,08.12.02,2,0,08.12.02,2
691,24028,10996,F,08.12.02,2,0,08.12.02,2
691,24028,12386,F,08.12.02,2,0,08.12.02,2
691,24028,14569,F,08.12.02,2,0,08.12.02,2
691,24028,72391,M,08.12.02,2,0,08.12.02,2
530,21706,75660,M,20.01.04,2,0,20.01.04,2
530,24543,76794,M,30.10.03,2,0,30.10.03,2
242,24524,18321,F,17.06.04,2,0,17.06.04,2
521,22434,71717,M,29.06.04,2,0,29.06.04,2
521,22446,71717,M,29.06.04,2,0,29.06.04,2
521,22446,74682,M,27.01.03,2,0,27.01.03,2
521,22447,71717,M,29.06.04,2,0,29.06.04,2
521,22447,74682,M,27.01.03,2,0,27.01.03,2
283,24018,7211,F,16.12.02,2,0,16.12.02,2
708,24190,76987,M,14.10.03,2,0,14.10.03,2
708,24190,77030,M,05.11.03,2,0,05.11.03,2
708,24190,77043,M,05.11.03,2,0,05.11.03,2
708,24602,72295,M,05.11.03,2,0,05.11.03,2
426,23118,19992,F,19.01.04,2,0,19.01.04,2
426,23118,19993,F,19.01.04,2,0,19.01.04,2
426,23118,19995,F,19.01.04,2,0,19.01.04,2
426,23118,19994,F,19.01.04,2,0,19.01.04,2
431,24165,16163,F,12.03.04,2,0,12.03.04,2
431,24165,16166,F,12.03.04,2,0,12.03.04,2
431,24165,16226,F,25.05.04,2,0,25.05.04,2
431,24165,18275,F,12.03.04,2,0,12.03.04,2
431,24165,76034,M,25.05.04,2,0,25.05.04,2
431,24165,76041,M,13.04.04,2,0,13.04.04,2
431,24165,76042,M,13.04.04,2,0,13.04.04,2
431,24165,76040,M,13.04.04,2,0,13.04.04,2
672,23129,6882,F,23.01.06,120,0,30.12.03,2
672,23129,6883,F,23.01.06,120,0,30.12.03,2
672,23129,6885,F,23.01.06,120,0,30.12.03,2
672,23129,7092,F,23.01.06,120,0,30.12.03,2
672,23130,6882,F,23.01.06,120,0,30.12.03,2
672,23130,6883,F,23.01.06,120,0,30.12.03,2
672,23130,6885,F,23.01.06,120,0,30.12.03,2
672,23130,7092,F,23.01.06,120,0,30.12.03,2
672,23131,6882,F,23.01.06,120,0,30.12.03,2
672,23131,6883,F,23.01.06,120,0,30.12.03,2
672,23131,6885,F,23.01.06,120,0,30.12.03,2
672,23131,7092,F,23.01.06,120,0,30.12.03,2
673,24119,77353,M,02.07.03,2,0,02.07.03,2
673,24167,21537,F,22.07.03,2,0,22.07.03,2
673,24167,21543,F,22.07.03,2,0,22.07.03,2
673,24167,77368,M,22.07.03,2,0,22.07.03,2
673,24167,77369,M,22.07.03,2,0,22.07.03,2
673,24168,21603,F,22.07.03,2,0,22.07.03,2
673,24168,77370,M,22.07.03,2,0,22.07.03,2
558,22243,70524,M,11.05.01,2,0,11.05.01,2
177,23075,18130,F,15.08.03,2,0,15.08.03,2
177,23075,18624,F,28.08.03,2,0,28.08.03,2
177,23075,23644,F,16.09.03,2,0,16.09.03,2
177,23075,23643,F,16.09.03,2,0,16.09.03,2
177,50168,18130,F,15.08.03,2,0,15.08.03,2
177,24039,18130,F,15.08.03,2,0,15.08.03,2
177,24040,18130,F,15.08.03,2,0,15.08.03,2
177,24159,13871,F,23.06.03,2,0,23.06.03,2
177,24159,14461,F,23.06.03,2,0,23.06.03,2
177,24160,13871,F,23.06.03,2,0,23.06.03,2
177,24160,18130,F,15.08.03,2,0,15.08.03,2
177,24160,78072,M,23.06.03,2,0,23.06.03,2
177,24922,13871,F,11.12.03,2,0,11.12.03,2
177,24922,18130,F,11.12.03,2,0,11.12.03,2
177,24922,18624,F,11.12.03,2,0,11.12.03,2
177,24922,23644,F,11.12.03,2,0,11.12.03,2
177,24922,23643,F,11.12.03,2,0,11.12.03,2
185,24181,4250,F,29.07.03,2,0,29.07.03,2
185,24181,4251,F,29.07.03,2,0,29.07.03,2
185,24181,4366,F,29.07.03,2,0,29.07.03,2
185,24182,4250,F,29.07.03,2,0,29.07.03,2
185,24182,4251,F,29.07.03,2,0,29.07.03,2
185,24182,4367,F,29.07.03,2,0,29.07.03,2
185,24182,76556,M,29.07.03,2,0,29.07.03,2
185,24183,912,F,29.07.03,2,0,29.07.03,2
185,24183,4250,F,29.07.03,2,0,29.07.03,2
185,24183,4251,F,29.07.03,2,0,29.07.03,2
185,24183,4263,F,29.07.03,2,0,29.07.03,2
185,24183,4278,F,29.07.03,2,0,29.07.03,2
185,24183,68284,M,29.07.03,2,0,29.07.03,2
185,24183,69589,M,29.07.03,2,0,29.07.03,2
185,24185,4366,F,29.07.03,2,0,29.07.03,2
431,24099,78827,M,11.07.07,121,0,11.07.07,121
697,23809,15320,F,24.02.04,2,0,24.02.04,2
274,50298,79664,M,30.01.06,121,0,30.01.06,120
274,50298,79639,M,30.01.06,121,0,30.01.06,120
274,50298,79640,M,30.01.06,121,0,30.01.06,120
274,50298,79641,M,30.01.06,121,0,30.01.06,120
435,50312,79875,M,01.05.05,2,0,01.05.05,2
724,24194,71820,M,19.08.05,120,0,19.08.05,120
431,24097,78827,M,11.07.07,121,0,11.07.07,121
431,24094,78827,M,11.07.07,121,0,11.07.07,121
431,24093,78827,M,11.07.07,121,0,11.07.07,121
431,24091,78827,M,11.07.07,121,0,11.07.07,121
431,24089,78827,M,11.07.07,121,0,11.07.07,121
673,50341,30003,F,06.08.08,121,0,06.08.08,121
101,58132,581,F,22.01.19,2257,15391257,22.01.19,2257
222,58033,1859,F,10.06.20,0,30589841,10.06.20,0
222,58033,7240,F,10.06.20,0,30589841,10.06.20,0
222,58033,25911,F,10.06.20,0,30589841,10.06.20,0
177,61212,49375,F,09.09.14,121,0,09.09.14,121
177,24040,89174,M,08.01.15,121,0,08.01.15,121
177,24039,89174,M,08.01.15,121,0,08.01.15,121
177,23075,89174,M,08.01.15,121,0,08.01.15,121
695,22941,18910,F,09.06.04,120,0,08.06.04,2
695,22941,18911,F,09.06.04,120,0,08.06.04,2
396,50446,17558,F,21.06.05,2,0,21.06.05,2
396,50446,17559,F,21.06.05,2,0,21.06.05,2
396,50446,76504,M,21.06.05,2,0,21.06.05,2
200,60212,86470,M,15.12.19,2257,23433097,15.12.19,2257
200,60212,86471,M,15.12.19,2257,23433097,15.12.19,2257
396,50446,76505,M,21.06.05,2,0,21.06.05,2
177,50447,31953,F,31.07.06,120,0,31.07.06,120
275,20432,2180,F,11.05.01,120,0,11.05.01,120
275,22596,23013,F,02.06.03,2,0,02.06.03,2
275,20432,2181,F,11.05.01,120,0,11.05.01,120
275,20432,2210,F,11.05.01,120,0,11.05.01,120
275,20432,2717,F,11.05.01,120,0,11.05.01,120
275,22597,72082,M,29.05.03,2,0,29.05.03,2
530,21706,72741,M,15.09.05,120,0,15.09.05,120
530,21706,78720,M,15.09.05,120,0,15.09.05,120
677,50228,26923,F,16.03.05,2,0,16.03.05,2
677,50228,26922,F,16.03.05,2,0,16.03.05,2
677,50231,26923,F,16.03.05,2,0,16.03.05,2
677,50231,26922,F,16.03.05,2,0,16.03.05,2
508,50310,79909,M,01.02.06,120,0,01.02.06,120
671,25062,15321,F,30.09.05,120,0,30.09.05,120
671,25062,23938,F,30.09.05,120,0,30.09.05,120
671,25062,23939,F,30.09.05,120,0,30.09.05,120
671,25062,15258,F,30.09.05,120,0,30.09.05,120
510,50393,80508,M,09.11.05,120,0,09.11.05,120
510,50394,80508,M,17.05.05,120,0,17.05.05,120
510,50394,80514,M,17.05.05,120,0,17.05.05,120
201,50429,4398,F,11.05.01,120,0,11.05.01,120
396,50446,13139,F,21.06.05,2,0,21.06.05,2
275,20432,2718,F,11.05.01,120,0,11.05.01,120
275,20432,2719,F,11.05.01,120,0,11.05.01,120
275,20432,3265,F,11.05.01,120,0,11.05.01,120
275,20432,25499,F,13.01.06,120,0,13.01.06,120
275,20433,25499,F,13.01.06,120,0,13.01.06,120
140,53242,67537,M,31.03.19,2257,17194239,31.03.19,2257
879,23228,75736,M,29.07.03,2,0,29.07.03,2
879,23228,77583,M,29.07.03,2,0,29.07.03,2
879,23228,77536,M,31.12.03,2,0,31.12.03,2
879,23259,75736,M,28.07.03,2,0,28.07.03,2
879,23260,77583,M,29.07.03,2,0,29.07.03,2
879,23260,77536,M,31.12.03,2,0,31.12.03,2
810,25182,309,F,08.04.04,2,0,08.04.04,2
810,25182,1541,F,08.04.04,2,0,08.04.04,2
682,22371,7778,F,20.11.03,2,0,20.11.03,2
682,22371,72691,M,22.11.03,2,0,22.11.03,2
682,22371,72688,M,22.11.03,2,0,22.11.03,2
682,22371,72552,M,20.11.03,2,0,20.11.03,2
682,22371,75660,M,20.11.03,2,0,20.11.03,2
517,24483,15306,F,23.10.03,2,0,23.10.03,2
517,24483,15307,F,23.10.03,2,0,23.10.03,2
517,24483,15319,F,23.10.03,2,0,23.10.03,2
210,24103,32390,F,20.02.08,121,0,27.08.06,120
210,24103,32458,F,20.02.08,121,0,27.08.06,120
210,24103,81354,M,20.02.08,121,0,31.10.06,120
210,24103,81360,M,20.02.08,121,0,27.08.06,120
435,54411,79875,M,28.09.17,2257,6252488,28.09.17,2257
101,54610,67895,M,08.02.18,2257,8188201,08.02.18,2257
101,54610,69539,M,08.02.18,2257,8188201,08.02.18,2257
101,54610,574,F,08.02.18,2257,8188201,08.02.18,2257
101,54610,29580,F,08.02.18,2257,8188201,08.02.18,2257
200,57754,25517,F,12.11.18,2257,13601642,12.11.18,2257
279,20421,75763,M,27.10.04,-1,-1,27.10.04,-1
279,20421,72381,M,27.10.04,-1,-1,27.10.04,-1
279,20421,75834,M,27.10.04,-1,-1,27.10.04,-1
279,20421,76990,M,27.10.04,-1,-1,27.10.04,-1
279,20421,72701,M,27.10.04,-1,-1,27.10.04,-1
279,20421,72706,M,27.10.04,-1,-1,27.10.04,-1
279,20421,72715,M,27.10.04,-1,-1,27.10.04,-1
279,20421,72716,M,27.10.04,-1,-1,27.10.04,-1
279,20421,72722,M,27.10.04,-1,-1,27.10.04,-1
279,20421,72732,M,27.10.04,-1,-1,27.10.04,-1
279,20421,10698,F,27.10.04,-1,-1,27.10.04,-1
521,22434,71730,M,28.12.05,120,0,28.12.05,120
521,22434,71347,M,28.12.05,120,0,28.12.05,120
521,22434,71712,M,28.12.05,120,0,28.12.05,120
521,22434,79184,M,10.01.06,120,0,10.01.06,120
521,22446,71730,M,28.12.05,120,0,28.12.05,120
521,22446,71347,M,28.12.05,120,0,28.12.05,120
521,22446,71712,M,28.12.05,120,0,28.12.05,120
521,22446,79151,M,10.01.06,120,0,10.01.06,120
521,22446,79196,M,28.12.05,120,0,28.12.05,120
521,22446,79197,M,28.12.05,120,0,28.12.05,120
266,50314,79916,M,06.09.05,2,0,06.09.05,2
266,50314,79920,M,06.09.05,2,0,06.09.05,2
266,50314,79917,M,06.09.05,2,0,06.09.05,2
266,50314,79922,M,06.09.05,2,0,06.09.05,2
266,50314,79933,M,06.09.05,2,0,06.09.05,2
210,24462,13201,F,20.02.08,121,0,27.08.06,120
210,24462,32458,F,20.02.08,121,0,27.08.06,120
210,24462,81354,M,20.02.08,121,0,27.08.06,120
210,24462,81360,M,20.02.08,121,0,27.08.06,120
210,24138,78593,M,20.02.08,121,0,27.08.06,120
210,24105,13201,F,20.02.08,121,0,27.08.06,120
210,24105,32458,F,20.02.08,121,0,27.08.06,120
210,24105,81354,M,20.02.08,121,0,27.08.06,120
210,24105,81360,M,20.02.08,121,0,27.08.06,120
210,24104,13201,F,20.02.08,121,0,27.08.06,120
210,24104,32458,F,20.02.08,121,0,27.08.06,120
210,24104,32438,F,20.02.08,121,0,27.08.06,120
210,24104,81332,M,20.02.08,121,0,27.08.06,120
210,24104,81354,M,20.02.08,121,0,31.10.06,120
210,24104,81360,M,20.02.08,121,0,27.08.06,120
210,24103,13201,F,20.02.08,121,0,27.08.06,120
515,21708,19736,F,08.09.04,2,0,08.09.04,2
862,24502,26923,F,17.03.05,2,0,17.03.05,2
862,24502,26922,F,17.03.05,2,0,17.03.05,2
513,50289,27566,F,15.08.05,120,0,15.08.05,120
513,50289,27564,F,15.08.05,120,0,15.08.05,120
513,50289,27562,F,15.08.05,120,0,15.08.05,120
513,50289,79512,M,15.08.05,120,0,15.08.05,120
431,50296,4975,F,18.05.05,120,0,18.05.05,120
431,50296,16233,F,30.05.06,120,0,30.05.06,120
431,50296,20163,F,29.11.05,120,0,29.11.05,120
431,50296,20111,F,30.05.06,120,0,30.05.06,120
431,50296,28318,F,16.08.06,120,0,16.08.06,120
431,50296,75992,M,18.05.05,120,0,18.05.05,120
431,50296,76173,M,18.05.05,120,0,18.05.05,120
431,50296,77072,M,29.11.05,120,0,29.11.05,120
431,50296,77118,M,18.05.05,120,0,18.05.05,120
431,50296,77136,M,18.05.05,120,0,18.05.05,120
431,50296,76168,M,18.05.05,120,0,18.05.05,120
431,50296,76188,M,18.05.05,120,0,18.05.05,120
431,50296,76162,M,18.05.05,120,0,18.05.05,120
431,50296,77119,M,18.05.05,120,0,18.05.05,120
431,50296,79688,M,16.08.06,120,0,16.08.06,120
431,50296,79623,M,16.08.06,120,0,16.08.06,120
431,50296,79599,M,16.08.06,120,0,16.08.06,120
431,50296,79685,M,16.08.06,120,0,16.08.06,120
431,24165,28318,F,12.10.06,120,0,12.10.06,120
431,24165,76046,M,30.05.06,120,0,30.05.06,120
431,24165,79688,M,12.10.06,120,0,12.10.06,120
431,24165,79685,M,12.10.06,120,0,12.10.06,120
431,24165,79684,M,12.10.06,120,0,12.10.06,120
431,24099,28131,F,29.11.05,120,0,29.11.05,120
431,24099,79661,M,29.11.05,120,0,29.11.05,120
431,24097,28131,F,29.11.05,120,0,29.11.05,120
431,24097,79661,M,29.11.05,120,0,29.11.05,120
431,24094,28131,F,29.11.05,120,0,29.11.05,120
431,24094,79661,M,29.11.05,120,0,29.11.05,120
431,24093,28131,F,29.11.05,120,0,29.11.05,120
431,24093,79661,M,29.11.05,120,0,29.11.05,120
431,24091,28131,F,29.11.05,120,0,29.11.05,120
431,24091,79661,M,29.11.05,120,0,29.11.05,120
431,24089,28131,F,29.11.05,120,0,29.11.05,120
431,24089,79661,M,29.11.05,120,0,29.11.05,120
454,23973,26923,F,17.03.05,120,0,17.03.05,120
454,23973,26922,F,17.03.05,120,0,17.03.05,120
454,24124,39912,F,26.07.07,121,0,07.08.07,120
454,24124,39910,F,26.07.07,121,0,07.08.07,120
210,24104,24858,F,20.02.08,121,0,02.05.07,120
210,24104,24859,F,20.02.08,121,0,02.05.07,120
210,24104,24860,F,20.02.08,121,0,02.05.07,120
210,24104,32390,F,20.02.08,121,0,02.05.07,120
177,50619,93,F,24.09.09,121,0,24.09.09,121
177,50619,83721,M,19.08.09,121,0,19.08.09,121
177,50620,93,F,24.09.09,121,0,24.09.09,121
177,50620,16820,F,24.09.09,121,0,24.09.09,121
177,50620,16819,F,24.09.09,121,0,24.09.09,121
177,50620,16821,F,24.09.09,121,0,24.09.09,121
177,50620,21840,F,24.09.09,121,0,24.09.09,121
177,50620,44759,F,09.10.09,121,0,09.10.09,121
177,50620,76504,M,24.09.09,121,0,24.09.09,121
177,50620,76505,M,24.09.09,121,0,24.09.09,121
177,50620,79850,M,24.09.09,121,0,24.09.09,121
177,50620,83748,M,18.08.09,121,0,18.08.09,121
177,50621,16821,F,24.09.09,121,0,24.09.09,121
177,50621,18436,F,05.10.09,121,0,05.10.09,121
177,50621,21840,F,24.09.09,121,0,24.09.09,121
177,50621,44759,F,09.10.09,121,0,09.10.09,121
177,50621,76504,M,24.09.09,121,0,24.09.09,121
177,50621,79850,M,24.09.09,121,0,24.09.09,121
200,52390,1021,F,03.08.16,1110,1809782,03.08.16,1110
200,52390,8370,F,03.08.16,1110,1809782,03.08.16,1110
200,58824,48990,F,08.04.19,2424,17407986,08.04.19,2424
676,23808,15320,F,13.02.04,2,0,13.02.04,2
676,25663,15320,F,23.03.04,2,0,23.03.04,2
1292,23825,2782,F,03.09.02,2,0,03.09.02,2
1292,24205,15306,F,19.09.03,2,0,19.09.03,2
1292,24205,21907,F,19.09.03,2,0,19.09.03,2
242,24524,25657,F,23.01.05,120,0,23.01.05,120
242,50248,18321,F,23.01.05,120,0,23.01.05,120
222,22937,26030,F,13.07.05,120,0,13.07.05,120
222,22936,26030,F,13.07.05,120,0,13.07.05,120
222,50253,2594,F,13.07.05,120,0,13.07.05,120
222,50253,8246,F,13.07.05,120,0,13.07.05,120
222,50253,8247,F,13.07.05,120,0,13.07.05,120
222,50253,8249,F,13.07.05,120,0,13.07.05,120
517,24483,26923,F,16.02.05,120,0,16.02.05,120
517,24483,26922,F,16.02.05,120,0,16.02.05,120
260,50270,79496,M,29.11.05,120,0,29.11.05,120
260,50270,79500,M,29.11.05,120,0,29.11.05,120
260,50270,79518,M,29.11.05,120,0,29.11.05,120
260,50270,79523,M,29.11.05,120,0,29.11.05,120
260,50271,27248,F,29.11.05,120,0,29.11.05,120
260,50271,79534,M,29.11.05,120,0,29.11.05,120
260,50272,27248,F,29.11.05,120,0,29.11.05,120
260,50272,27246,F,29.11.05,120,0,29.11.05,120
260,50272,79500,M,29.11.05,120,0,29.11.05,120
260,50272,79518,M,29.11.05,120,0,29.11.05,120
260,50272,79534,M,29.11.05,120,0,29.11.05,120
260,50273,79534,M,29.11.05,120,0,29.11.05,120
454,50359,26923,F,01.09.05,120,0,01.09.05,120
454,50359,26922,F,01.09.05,120,0,01.09.05,120
454,50360,15306,F,01.09.05,120,0,01.09.05,120
454,50360,21907,F,01.09.05,120,0,01.09.05,120
454,50360,23937,F,01.09.05,120,0,01.09.05,120
454,50360,26923,F,01.09.05,120,0,01.09.05,120
454,50360,26922,F,01.09.05,120,0,01.09.05,120
874,50538,26062,F,18.10.05,121,0,18.10.05,121
874,50538,26070,F,18.10.05,121,0,18.10.05,121
874,50538,26092,F,18.10.05,121,0,18.10.05,121
874,50538,26093,F,18.10.05,121,0,18.10.05,121
874,50538,79088,M,18.10.05,121,0,18.10.05,121
874,50540,74677,M,31.08.04,121,0,31.08.04,121
170,50599,44258,F,04.09.09,121,0,04.09.09,121
170,50599,44255,F,04.09.09,121,0,04.09.09,121
170,50599,44256,F,04.09.09,121,0,04.09.09,121
170,50600,44258,F,04.09.09,121,0,04.09.09,121
170,50600,44255,F,04.09.09,121,0,04.09.09,121
170,50600,44256,F,04.09.09,121,0,04.09.09,121
170,50601,44258,F,04.09.09,121,0,04.09.09,121
170,50601,44255,F,04.09.09,121,0,04.09.09,121
170,50601,44256,F,04.09.09,121,0,04.09.09,121
671,24122,15320,F,11.03.04,2,0,11.03.04,2
671,24122,21907,F,11.03.04,2,0,11.03.04,2
671,24122,21717,F,16.02.04,2,0,16.02.04,2
671,24122,21716,F,16.02.04,2,0,16.02.04,2
671,24122,21905,F,16.02.04,2,0,16.02.04,2
671,25062,15320,F,11.03.04,2,0,11.03.04,2
671,25062,21907,F,11.03.04,2,0,11.03.04,2
671,25062,21717,F,16.02.04,2,0,16.02.04,2
671,25062,21716,F,16.02.04,2,0,16.02.04,2
671,25062,21905,F,16.02.04,2,0,16.02.04,2
201,20707,17559,F,29.12.03,2,0,29.12.03,2
201,20707,76505,M,29.12.03,2,0,29.12.03,2
201,23264,17559,F,25.05.07,120,0,03.02.04,2
201,23264,76505,M,25.05.07,120,0,03.02.04,2
691,21863,7791,F,22.05.03,2,0,22.05.03,2
691,21863,15227,F,09.05.03,2,0,09.05.03,2
691,21863,15232,F,09.05.03,2,0,09.05.03,2
691,21863,14771,F,21.04.03,2,0,21.04.03,2
691,21865,14771,F,21.04.03,2,0,21.04.03,2
691,22412,14771,F,21.04.03,2,0,21.04.03,2
691,22483,7791,F,22.05.03,2,0,22.05.03,2
691,22483,15227,F,12.05.03,2,0,12.05.03,2
691,22483,15232,F,12.05.03,2,0,12.05.03,2
691,22483,14771,F,21.04.03,2,0,21.04.03,2
691,23073,7791,F,22.05.03,2,0,22.05.03,2
691,23073,14771,F,21.04.03,2,0,21.04.03,2
691,23074,7791,F,22.05.03,2,0,22.05.03,2
691,23074,14771,F,21.04.03,2,0,21.04.03,2
691,24302,8246,F,18.11.03,2,0,18.11.03,2
691,24302,8247,F,18.11.03,2,0,18.11.03,2
691,24303,8246,F,18.11.03,2,0,18.11.03,2
691,24303,8247,F,18.11.03,2,0,18.11.03,2
691,24303,7806,F,20.01.04,2,0,20.01.04,2
691,24303,15232,F,20.01.04,2,0,20.01.04,2
691,24303,18586,F,20.01.04,2,0,20.01.04,2
691,24303,18587,F,20.01.04,2,0,20.01.04,2
691,24622,18586,F,08.04.04,2,0,08.04.04,2
691,24622,18587,F,08.04.04,2,0,08.04.04,2
862,24503,15306,F,02.11.03,2,0,27.10.03,2
862,24503,21907,F,02.11.03,2,0,27.10.03,2
454,24124,15306,F,14.01.05,120,0,06.01.04,2
454,24124,21907,F,14.01.05,120,0,06.01.04,2
874,50255,26062,F,11.08.09,121,0,28.09.05,120
874,50255,26093,F,11.08.09,121,0,28.09.05,120
874,50255,79088,M,11.08.09,121,0,28.09.05,120
874,50255,79083,M,11.08.09,121,0,28.09.05,120
874,50255,79085,M,11.08.09,121,0,28.09.05,120
874,50256,26092,F,18.10.05,121,0,11.08.05,120
874,50257,26062,F,03.10.05,120,0,03.10.05,120
874,50257,26070,F,03.10.05,120,0,03.10.05,120
874,50257,26093,F,03.10.05,120,0,03.10.05,120
874,50257,79088,M,03.10.05,120,0,03.10.05,120
874,50258,26093,F,18.10.05,121,0,11.08.05,120
874,50258,26092,F,18.10.05,121,0,11.08.05,120
874,50258,79088,M,18.10.05,121,0,11.08.05,120
874,50258,79085,M,18.10.05,121,0,11.08.05,120
170,50283,9766,F,27.12.05,120,0,27.12.05,120
170,50283,13095,F,03.02.06,120,0,03.02.06,120
170,50283,13098,F,03.02.06,120,0,03.02.06,120
170,50283,13086,F,27.12.05,120,0,27.12.05,120
170,50283,13090,F,27.12.05,120,0,27.12.05,120
170,50283,13091,F,27.12.05,120,0,27.12.05,120
170,50283,13093,F,03.02.06,120,0,03.02.06,120
170,50283,13087,F,27.12.05,120,0,27.12.05,120
170,50283,13094,F,27.12.05,120,0,27.12.05,120
170,50283,13088,F,27.12.05,120,0,27.12.05,120
170,50283,13092,F,27.12.05,120,0,27.12.05,120
170,50283,19564,F,03.02.06,120,0,03.02.06,120
170,50283,19567,F,27.12.05,120,0,27.12.05,120
170,50283,19572,F,27.12.05,120,0,27.12.05,120
170,50283,19573,F,27.12.05,120,0,27.12.05,120
170,50283,19574,F,27.12.05,120,0,27.12.05,120
170,50283,26763,F,03.02.06,120,0,03.02.06,120
170,50283,26762,F,27.12.05,120,0,27.12.05,120
170,50283,26765,F,07.08.06,120,0,07.08.06,120
170,50283,26767,F,07.08.06,120,0,07.08.06,120
170,50283,26768,F,07.08.06,120,0,07.08.06,120
170,50284,27484,F,15.08.05,120,0,15.08.05,120
170,50284,27478,F,15.08.05,120,0,15.08.05,120
170,50284,27482,F,15.08.05,120,0,15.08.05,120
170,50285,19320,F,10.08.05,120,0,10.08.05,120
170,50285,26832,F,10.08.05,120,0,10.08.05,120
170,50285,26831,F,10.08.05,120,0,10.08.05,120
170,50286,27449,F,11.08.05,120,0,11.08.05,120
170,50286,27446,F,11.08.05,120,0,11.08.05,120
170,50286,27447,F,11.08.05,120,0,11.08.05,120
555,50319,4997,F,07.07.05,120,0,07.07.05,120
555,50319,4998,F,07.07.05,120,0,07.07.05,120
555,50319,4999,F,07.07.05,120,0,07.07.05,120
555,50319,5006,F,07.07.05,120,0,07.07.05,120
870,50235,26923,F,16.03.05,2,0,16.03.05,2
870,50235,26922,F,16.03.05,2,0,16.03.05,2
275,22593,9061,F,04.01.07,1,1,04.01.07,1
275,22593,12173,F,04.01.07,1,1,04.01.07,1
275,22593,12164,F,04.01.07,1,1,04.01.07,1
275,22594,9061,F,04.01.07,1,1,04.01.07,1
275,22594,12173,F,04.01.07,1,1,04.01.07,1
275,22597,12173,F,04.01.07,1,1,04.01.07,1
275,22597,9061,F,04.01.07,1,1,04.01.07,1
275,22597,12164,F,04.01.07,1,1,04.01.07,1
275,22596,12164,F,04.01.07,1,1,04.01.07,1
101,23284,29737,F,25.05.07,120,0,25.05.07,120
672,24198,81700,M,27.12.07,121,0,27.12.07,121
672,24197,81701,M,27.12.07,121,0,27.12.07,121
672,24197,81700,M,24.01.08,121,0,24.01.08,121
672,50066,40734,F,27.12.07,121,0,27.12.07,121
672,50065,81701,M,14.01.08,121,0,14.01.08,121
672,50065,81700,M,24.01.08,121,0,24.01.08,121
672,23131,81700,M,27.12.07,121,0,27.12.07,121
672,23129,40734,F,27.12.07,121,0,27.12.07,121
672,23129,81700,M,24.01.08,121,0,24.01.08,121
222,52330,68118,M,27.09.16,2257,2253650,27.09.16,2257
200,52329,68029,M,27.09.16,2257,2253650,27.09.16,2257
101,58492,588,F,13.02.19,2257,16009483,13.02.19,2257
101,58492,67892,M,13.02.19,2257,16009483,13.02.19,2257
200,58514,86470,M,20.02.19,2257,16160815,20.02.19,2257
200,58514,86471,M,20.02.19,2257,16160815,20.02.19,2257
222,58578,86492,M,28.02.19,2257,16366824,28.02.19,2257
222,58578,86494,M,28.02.19,2257,16366824,28.02.19,2257
222,58578,68097,M,28.02.19,2257,16366824,28.02.19,2257
396,23415,89174,M,08.01.15,121,0,08.01.15,121
431,24165,76004,M,13.04.04,2,0,13.04.04,2
431,24165,76011,M,13.04.04,2,0,13.04.04,2
431,24165,76069,M,13.04.04,2,0,13.04.04,2
810,25743,1530,F,08.04.04,2,0,08.04.04,2
810,25743,1541,F,08.04.04,2,0,08.04.04,2
800,50122,23335,F,21.08.03,2,0,21.08.03,2
800,50122,23341,F,21.08.03,2,0,21.08.03,2
283,50279,27438,F,21.03.06,120,0,21.03.06,120
283,50279,79445,M,06.03.06,120,0,06.03.06,120
283,50280,10752,F,23.03.06,120,0,23.03.06,120
283,50280,27355,F,23.03.06,120,0,23.03.06,120
283,50280,27356,F,24.03.06,120,0,24.03.06,120
283,50280,27357,F,24.03.06,120,0,24.03.06,120
283,50280,27354,F,23.03.06,120,0,23.03.06,120
283,50280,27324,F,16.02.06,120,0,16.02.06,120
283,50280,27325,F,16.02.06,120,0,16.02.06,120
283,50280,27326,F,16.02.06,120,0,16.02.06,120
283,50280,27327,F,16.02.06,120,0,16.02.06,120
283,50280,27328,F,16.02.06,120,0,16.02.06,120
283,50280,27329,F,16.02.06,120,0,16.02.06,120
283,50280,79404,M,15.02.06,120,0,15.02.06,120
283,50280,79445,M,06.03.06,120,0,06.03.06,120
206,50378,30920,F,07.05.05,120,0,07.05.05,120
206,50378,80458,M,07.05.05,120,0,07.05.05,120
517,24483,21907,F,13.06.06,120,0,13.06.06,120
517,24483,26924,F,13.06.06,120,0,13.06.06,120
517,24483,26925,F,13.06.06,120,0,13.06.06,120
517,24483,78320,M,28.04.06,120,0,28.04.06,120
862,24503,39704,F,07.03.07,121,0,12.04.07,120
874,50255,81667,M,11.08.09,121,0,11.08.09,121
874,50258,83544,M,10.08.09,121,0,10.08.09,121
874,50258,81667,M,10.08.09,121,0,10.08.09,121
178,21584,49375,F,18.09.14,121,0,18.09.14,121
140,53242,67849,M,27.02.17,2257,4661136,27.02.17,2257
140,53242,67544,M,27.02.17,2257,4661136,27.02.17,2257
140,53242,7197,F,27.02.17,2257,4661136,27.02.17,2257
140,53242,4438,F,27.02.17,2257,4661136,27.02.17,2257
140,52737,7197,F,27.02.17,2257,4661136,27.02.17,2257
140,52737,4438,F,27.02.17,2257,4661136,27.02.17,2257
140,52737,67537,M,27.02.17,2257,4661136,27.02.17,2257
140,52737,67849,M,27.02.17,2257,4661136,27.02.17,2257
140,52737,67544,M,27.02.17,2257,4661136,27.02.17,2257
200,53910,25517,F,28.02.17,1732,4669583,28.02.17,1732
200,53911,25517,F,28.02.17,1732,4669583,28.02.17,1732
178,21584,89179,M,14.11.14,121,0,14.11.14,121
210,24103,24768,F,20.02.08,121,0,17.03.03,2
210,24103,24858,F,20.02.08,121,0,04.03.04,2
210,24103,24878,F,20.02.08,121,0,17.03.03,2
210,24103,24879,F,20.02.08,121,0,17.03.03,2
210,24103,24860,F,20.02.08,121,0,22.06.04,2
210,24103,24880,F,20.02.08,121,0,30.04.04,2
210,24103,24904,F,20.02.08,121,0,13.08.04,2
210,24103,24913,F,20.02.08,121,0,17.08.04,2
210,24103,24914,F,20.02.08,121,0,19.08.04,2
210,24103,74886,M,20.02.08,121,0,17.08.04,2
690,23100,17311,F,20.02.06,120,0,20.02.06,120
210,24103,78612,M,20.02.08,121,0,17.03.03,2
210,24103,78621,M,20.02.08,121,0,22.10.03,2
210,24103,78611,M,20.02.08,121,0,30.04.04,2
210,24104,24768,F,20.02.08,121,0,17.03.03,2
210,24104,24878,F,20.02.08,121,0,17.03.03,2
210,24104,24879,F,20.02.08,121,0,17.03.03,2
210,24104,24873,F,20.02.08,121,0,25.03.04,2
210,24104,24880,F,20.02.08,121,0,30.04.04,2
210,24104,24904,F,20.02.08,121,0,13.08.04,2
210,24104,24913,F,20.02.08,121,0,17.08.04,2
210,24104,24914,F,20.02.08,121,0,19.08.04,2
210,24104,74886,M,20.02.08,121,0,17.08.04,2
870,50234,26923,F,16.03.05,2,0,16.03.05,2
210,24104,78612,M,20.02.08,121,0,17.03.03,2
210,24104,78621,M,20.02.08,121,0,22.10.03,2
210,24104,78611,M,20.02.08,121,0,30.04.04,2
210,24105,24766,F,20.02.08,121,0,17.03.03,2
210,24105,24810,F,20.02.08,121,0,17.03.03,2
210,24105,24767,F,20.02.08,121,0,23.07.04,2
210,24105,24887,F,20.02.08,121,0,10.05.04,2
210,24105,24901,F,20.02.08,121,0,10.05.04,2
210,24105,24900,F,20.02.08,121,0,10.05.04,2
210,24105,24903,F,20.02.08,121,0,22.10.03,2
210,24105,24904,F,20.02.08,121,0,13.08.04,2
210,24105,24913,F,20.02.08,121,0,17.08.04,2
210,24105,24914,F,20.02.08,121,0,19.08.04,2
210,24105,74886,M,20.02.08,121,0,17.08.04,2
210,24105,78602,M,20.02.08,121,0,17.03.03,2
210,24105,78607,M,20.02.08,121,0,17.03.03,2
210,24105,78621,M,20.02.08,121,0,22.10.03,2
210,24105,78614,M,20.02.08,121,0,22.10.03,2
210,24105,78622,M,13.05.04,2,0,13.05.04,2
210,24138,24768,F,20.02.08,121,0,06.06.03,2
210,24138,24878,F,20.02.08,121,0,06.06.03,2
210,24138,24879,F,20.02.08,121,0,06.06.03,2
210,24138,24880,F,20.02.08,121,0,30.04.04,2
210,24138,24904,F,20.02.08,121,0,13.08.04,2
210,24138,24913,F,20.02.08,121,0,17.08.04,2
210,24138,24914,F,20.02.08,121,0,19.08.04,2
210,24138,74886,M,20.02.08,121,0,17.08.04,2
210,24138,78612,M,20.02.08,121,0,06.06.03,2
210,24138,78621,M,20.02.08,121,0,22.10.03,2
210,24138,78611,M,20.02.08,121,0,30.04.04,2
210,24462,24765,F,20.02.08,121,0,11.06.04,2
210,24462,24766,F,20.02.08,121,0,22.10.03,2
210,24462,24810,F,20.02.08,121,0,22.10.03,2
210,24462,24768,F,20.02.08,121,0,22.10.03,2
210,24462,24767,F,20.02.08,121,0,16.06.04,2
210,24462,24878,F,20.02.08,121,0,22.10.03,2
210,24462,24879,F,20.02.08,121,0,22.10.03,2
210,24462,24903,F,20.02.08,121,0,22.10.03,2
210,24462,24880,F,20.02.08,121,0,30.04.04,2
210,24462,78598,M,20.02.08,121,0,16.06.04,2
210,24462,78602,M,20.02.08,121,0,22.10.03,2
210,24462,78607,M,20.02.08,121,0,22.10.03,2
210,24462,78612,M,20.02.08,121,0,19.01.04,2
210,24462,78614,M,20.02.08,121,0,22.10.03,2
210,24462,78622,M,13.05.04,2,0,13.05.04,2
210,24462,78611,M,20.02.08,121,0,30.04.04,2
708,24602,27771,F,22.11.04,120,0,22.11.04,120
708,24190,27771,F,22.11.04,120,0,22.11.04,120
708,24189,27771,F,22.11.04,120,0,22.11.04,120
708,24188,9421,F,09.03.05,120,0,09.03.05,120
708,24188,11436,F,23.02.05,120,0,23.02.05,120
708,24188,27662,F,21.09.05,120,0,21.09.05,120
708,24188,79549,M,21.09.05,120,0,21.09.05,120
708,22713,27771,F,22.11.04,120,0,22.11.04,120
708,22713,27689,F,27.01.06,120,0,27.01.06,120
708,22713,27662,F,21.09.05,120,0,21.09.05,120
450,23848,26923,F,16.03.05,120,0,16.03.05,120
450,23848,26922,F,16.03.05,120,0,16.03.05,120
450,23849,26923,F,16.03.05,120,0,16.03.05,120
450,23849,26922,F,16.03.05,120,0,16.03.05,120
454,50361,26923,F,07.03.05,120,0,07.03.05,120
454,50361,26922,F,07.03.05,120,0,07.03.05,120
454,50362,15306,F,15.12.04,120,0,15.12.04,120
454,50362,21907,F,15.12.04,120,0,15.12.04,120
454,50362,26923,F,07.03.05,120,0,07.03.05,120
454,50362,26922,F,07.03.05,120,0,07.03.05,120
690,23072,17311,F,20.02.06,120,0,20.02.06,120
870,50234,26922,F,16.03.05,2,0,16.03.05,2
507,50420,31885,F,13.12.05,120,0,13.12.05,120
507,50420,81246,M,13.12.05,120,0,13.12.05,120
507,50420,81238,M,13.12.05,120,0,13.12.05,120
507,50422,31885,F,13.12.05,120,0,13.12.05,120
507,50422,81212,M,13.12.05,120,0,13.12.05,120
507,50422,81246,M,13.12.05,120,0,13.12.05,120
507,50422,81238,M,13.12.05,120,0,13.12.05,120
507,50423,81212,M,13.12.05,120,0,13.12.05,120
507,50423,81238,M,13.12.05,120,0,13.12.05,120
452,23629,26923,F,09.03.05,2,0,09.03.05,2
452,23629,26922,F,09.03.05,2,0,09.03.05,2
200,58512,86471,M,20.02.19,2257,16160815,20.02.19,2257
200,58513,86471,M,20.02.19,2257,16160815,20.02.19,2257
200,58512,86470,M,20.02.19,2257,16160815,20.02.19,2257
200,58513,86470,M,20.02.19,2257,16160815,20.02.19,2257
101,58952,574,F,02.05.19,2257,18004369,02.05.19,2257
101,58952,29580,F,02.05.19,2257,18004369,02.05.19,2257
101,58952,67895,M,02.05.19,2257,18004369,02.05.19,2257
101,58952,69539,M,02.05.19,2257,18004369,02.05.19,2257
