LINE_TYPE_ID, LAST_UPDATE_DATE, LAST_UPDATED_BY, ORDER_TYPE_LOOKUP_CODE, LAST_UPDATE_LOGIN, CREATION_DATE, CREATED_BY, CATEGORY_ID, UNIT_OF_MEASURE, UNIT_PRICE, RECEIVING_FLAG, INACTIVE_DATE, ATTRIBUTE_CATEGORY, ATTRIBUTE1, ATTRIBUTE2, ATTRIBUTE3, ATTRIBUTE4, ATTRIBUTE5, ATTRIBUTE6, ATTRIBUTE7, ATTRIBUTE8, ATTRIBUTE9, ATTRIBUTE10, ATTRIBUTE11, ATTRIBUTE12, ATTRIBUTE13, ATTRIBUTE14, ATTRIBUTE15, OUTSIDE_OPERATION_FLAG, REQUEST_ID, PROGRAM_APPLICATION_ID, PROGRAM_ID, PROGRAM_UPDATE_DATE, RECEIVE_CLOSE_TOLERANCE, PURCHASE_BASIS, MATCHING_BASIS
3,31.10.18,1150,QUANTITY,13341962,15.05.00,2,,,,,31.10.18,,,,,,,,,,,,,,,,,Y,,,,,,GOODS,QUANTITY
1,14.08.03,2,QUANTITY,0,15.05.00,2,,,,,,,,,,,,,,,,,,,,,,N,,,,,,GOODS,QUANTITY
1000,31.10.18,1150,AMOUNT,13341962,25.06.03,-1,,EACH,1,,31.10.18,,,,,,,,,,,,,,,,,N,,,,,,SERVICES,QUANTITY
1042,09.11.17,1150,AMOUNT,6595987,09.11.17,1150,,EACH,1,,09.11.17,,,,,,,,,,,,,,,,,N,,,,,,SERVICES,QUANTITY
4,14.08.03,2,RATE,0,14.08.03,2,,,,,,,,,,,,,,,,,,,,,,N,,,,,,TEMP LABOR,AMOUNT
5,14.08.03,2,FIXED PRICE,0,14.08.03,2,,,,,,,,,,,,,,,,,,,,,,N,,,,,,TEMP LABOR,AMOUNT
6,05.03.20,1150,QUANTITY,27050530,14.08.03,2,,,,,,,,,,,,,,,,,,,,,,N,,,,,,GOODS,QUANTITY
1020,05.03.20,1150,AMOUNT,27050530,20.10.15,1150,,EACH,1,,05.03.20,,,,,,,,,,,,,,,,,N,,,,,,SERVICES,QUANTITY
